Posisi,Perusahaan,Lokasi,Gaji,Waktu
Freelance Konsultan Statistika,Brain Project,Yogyakarta,Gaji tidak disebutkan,8 jam yang lalu
Data Management,2details sunter,Jakarta Utara,Gaji tidak disebutkan,12 jam yang lalu
Operations Analyst,Xtramile Solutions Pty Ltd,Jakarta Raya,Gaji tidak disebutkan,14 jam yang lalu
IT Business Analyst,PT. Entrepreneur Trust Digital,Jakarta Pusat,Rp 8.000.000 – Rp 10.500.000 per month,1 hari yang lalu
Data Engineer/ETL,PT. Entrepreneur Trust Digital,Jakarta Pusat,Rp 8.000.000 – Rp 10.000.000 per month,1 hari yang lalu
AI Visual Specialist,PT. LAXMI UTAMA,Jakarta Pusat,Rp 5.000.000 – Rp 7.000.000 per month,1 hari yang lalu
Data Scientist,Macquarie Group,Indonesia,Gaji tidak disebutkan,1 hari yang lalu
Claim Reporting Executive,Halodoc,Kebayoran Lama,Gaji tidak disebutkan,1 hari yang lalu
RC Data Analyst Trainee,PT. SASANA CIPTA MULIA,Kalimantan Barat,Gaji tidak disebutkan,1 hari yang lalu
data processing surveyor,PT Tigenco Graha Persada,Jakarta Timur,Gaji tidak disebutkan,1 hari yang lalu
IT Data Privacy & Information Security Officer,PT CIMB Niaga Auto Finance,Tangerang Selatan,Gaji tidak disebutkan,1 hari yang lalu
Data Engineer,PT. Berca Hardayaperkasa,Jakarta Raya,Gaji tidak disebutkan,1 hari yang lalu
Data Engineer/ETL,PT Lawencon Internasional,Kebayoran Lama,Gaji tidak disebutkan,1 hari yang lalu
Project Manager,TLab,Yogyakarta,Gaji tidak disebutkan,1 hari yang lalu
Geospatial Datascience Officer,"PT SMART,Tbk",Jakarta Raya,Gaji tidak disebutkan,1 hari yang lalu
Data Analyst,PT Higo Fitur Indonesia,Jakarta Barat,Rp 5.700.000 – Rp 7.000.000 per month,1 hari yang lalu
AI Innovation Specialist,PT Menjangan Sakti,Jakarta Timur,Gaji tidak disebutkan,1 hari yang lalu
Project Coordinator,Central Data Technology,Jakarta Raya,Gaji tidak disebutkan,1 hari yang lalu
Data Modeler,PT Nityo Infotech,Jakarta Pusat,Rp 20.000.000 – Rp 25.000.000 per month,1 hari yang lalu
Database Engineer (Telco),PT Nityo Infotech,Jakarta Pusat,Rp 20.000.000 – Rp 30.000.000 per month,1 hari yang lalu
Admin Data Analyst,PT Fullmoon Jaya Abadi,Jakarta Utara,Gaji tidak disebutkan,1 hari yang lalu
Facility Data & Analytics Department Head,PT Lippo Malls Indonesia,Jakarta Barat,Gaji tidak disebutkan,1 hari yang lalu
Data Analyst,PT Adibayu Gajah Semakmur,Yogyakarta,Gaji tidak disebutkan,1 hari yang lalu
AI Full Stack Platform Engineer,Jackson Ventures,Jakarta Raya,"Rp 10,000,000 – Rp 15,000,000 per month",1 hari yang lalu
Data (Promo) Analyst Junior Manager,PT Bina Karya Prima,Jakarta Utara,Gaji tidak disebutkan,1 hari yang lalu
Data Architect,PT Lawencon Internasional,Jakarta Selatan,Gaji tidak disebutkan,1 hari yang lalu
Data Engineer (Freelance),PT Data Labs Analytics,Jakarta Pusat,Gaji tidak disebutkan,1 hari yang lalu
Data Analyst,PT Rama Putra Djaya,Jakarta Raya,Gaji tidak disebutkan,2 hari yang lalu
Data Engineer,Macquarie Group,Indonesia,Gaji tidak disebutkan,2 hari yang lalu
Business Analyst,Macquarie Group,Indonesia,Gaji tidak disebutkan,2 hari yang lalu
Senior Client Tax Analyst,Macquarie Group,Indonesia,Gaji tidak disebutkan,2 hari yang lalu
Data Management Staff,PT Rusli Vinilon Sakti,Jakarta Raya,Rp 5.600.000 – Rp 7.000.000 per month,2 hari yang lalu
Data Engineer,PT Rsystems Ibizcs International,Tangerang,Rp 7.500.000 – Rp 11.000.000 per month,2 hari yang lalu
Business Analyst,PT Petra Sejahtera Abadi,Tangerang Selatan,Gaji tidak disebutkan,2 hari yang lalu
PT. Dirgaputra Ekapratama,PT. Dirgaputra Ekapratama,Jakarta Raya,Gaji tidak disebutkan,2 hari yang lalu
Suppy Chain Internship (Data Administration),PT Tiara agung Pratama,Bogor,Gaji tidak disebutkan,2 hari yang lalu
E-Commerce Data Analyst (Talent Pool),Future Commerce Indonesia,Jakarta Utara,Rp 8.000.000 – Rp 12.000.000 per month,2 hari yang lalu
Data Engineer,PT Biznet Gio Nusantara,Jakarta Raya,Gaji tidak disebutkan,2 hari yang lalu
Data Engineer,Biznet Data,Jakarta Raya,Gaji tidak disebutkan,2 hari yang lalu
Operations Support,Plexicus,Sleman,"Rp 6,000,000 – Rp 9,000,000 per month",2 hari yang lalu
Marketing Specialist,FIFGROUP Cab Sragen,Sragen,Gaji tidak disebutkan,2 hari yang lalu
Computer Vision Engineer (C/C++),PT Alfabeta Solusi Nusantara,Jakarta Raya,Gaji tidak disebutkan,2 hari yang lalu
IOT Developer - Kalimantan Timur (Mining Industry),PT. SIGMA GLOBAL TEKNOLOGI (SIGMATECH),Berau,Gaji tidak disebutkan,2 hari yang lalu
IoT Developer for Mining Industry,PT. SIGMA GLOBAL TEKNOLOGI (SIGMATECH),Kalimantan Utara,Rp 4.000.000 – Rp 6.000.000 per month,2 hari yang lalu
Data Analyst Staff,PT Global Retailindo Pratama (Minimart ),Denpasar,Gaji tidak disebutkan,2 hari yang lalu
Data Analyst | Gramedia,Kompas Gramedia - KG Media,Kalideres,Gaji tidak disebutkan,2 hari yang lalu
Trader / Market Analyst (Forex/Crypto),PT. Indo Inovasi Teknologi,Bali,Rp 4.500.000 – Rp 6.500.000 per month,2 hari yang lalu
Business Intelligence,Altius Hospital,Jakarta Barat,Gaji tidak disebutkan,2 hari yang lalu
Data Analyst Staff,PT Mazuta Bima Tek,Surabaya,Gaji tidak disebutkan,2 hari yang lalu
Data Analyst,PT Cerdas Digital Nusantara,Kecamatan Tangerang,Gaji tidak disebutkan,2 hari yang lalu
Enterprise Data AI Architect,Macquarie Group,Indonesia,Gaji tidak disebutkan,2 hari yang lalu
Deep Learning Researcher - AI Programmer,"FinShot, Inc.",Jakarta Raya,Rp 8.000.000 – Rp 11.000.000 per month,2 hari yang lalu
AI & Data Scientist (FMCG -  Contract Based),PT. Berca Hardayaperkasa,Jakarta Raya,Gaji tidak disebutkan,2 hari yang lalu
Data Architect (GCP),PT Nityo Infotech,Jakarta Pusat,Gaji tidak disebutkan,2 hari yang lalu
Admin Data HRD,Bebek Carok,Malang,Gaji tidak disebutkan,2 hari yang lalu
Medior/Senior Data Engineer (Web Scrapping),NucleusX B.V,Denpasar Selatan,Rp 12.000.000 – Rp 18.000.000 per month,2 hari yang lalu
Senior Data Engineer,PT. LOTTE INNOVATE INDONESIA,Cilegon,Gaji tidak disebutkan,2 hari yang lalu
Senior AI Engineer,PT. LOTTE INNOVATE INDONESIA,Cilegon,Gaji tidak disebutkan,2 hari yang lalu
Master Data Analyst,PT Amman Mineral Nusa Tenggara,Sumbawa Barat,Gaji tidak disebutkan,2 hari yang lalu
PDCA,PT Batik Sukses Sejahtera,Cirebon,Rp 2.800.000 – Rp 3.300.000 per month,2 hari yang lalu
Data Engineer,Catalyst,Kebayoran Lama,Gaji tidak disebutkan,2 hari yang lalu
Actuarial Pricing and Portfolio Monitoring,PT Chubb General Insurance Indonesia,Indonesia,Gaji tidak disebutkan,3 hari yang lalu
PMO Administrator,Datalec Precision Installations Pte Ltd,Batam,Gaji tidak disebutkan,3 hari yang lalu
Data Specialist - Jakarta,Xiaomi Technology,Jakarta Raya,Gaji tidak disebutkan,3 hari yang lalu
BI Platform Engineer - Data Dev (Loc: Jakarta Utara),PT. SIGMA GLOBAL TEKNOLOGI (SIGMATECH),Jakarta Raya,Gaji tidak disebutkan,3 hari yang lalu
Cloud & Endpoint Security Administrator,PT Simplify Consulting Indonesia,Jakarta Raya,Gaji tidak disebutkan,3 hari yang lalu
Data & System Integration Specialist,PT Hikari Indo Sarana,Jakarta Barat,Rp 7.500.000 – Rp 9.000.000 per month,3 hari yang lalu
Data & AI Engineer,PT Mastersystem Infotama,Kemayoran,Gaji tidak disebutkan,3 hari yang lalu
Position,"PT Summarecon Agung, Tbk",Kecamatan Tangerang,Gaji tidak disebutkan,3 hari yang lalu
DATA ANALYST STAFF,"PT Delta Giri Wacana, Tbk.",Jakarta Utara,Gaji tidak disebutkan,3 hari yang lalu
ETL Developer,PT Appfuxion Consulting,Jakarta Raya,Gaji tidak disebutkan,3 hari yang lalu
AI Automation & Systems Specialist,PT Seneco Group Indonesia,Bali,Rp 8.000.000 – Rp 12.000.000 per month,3 hari yang lalu
Data Engineer,"PT Japfa Comfeed Indonesia, Tbk",Surabaya,Gaji tidak disebutkan,3 hari yang lalu
DATA ANALYST,PT Asuransi Jiwa Syariah Al Amin,Jakarta Raya,Rp 6.000.000 – Rp 6.500.000 per month,3 hari yang lalu
"Strategy, Data & Reporting Analyst",PT Bolttech Device Protection Indonesia” (“bolttech”),Jakarta Raya,Gaji tidak disebutkan,3 hari yang lalu
Data Analitics,PT Kinarya Alihdaya Mandiri,Jakarta Selatan,Rp 5.700.000 – Rp 7.000.000 per month,3 hari yang lalu
Data Analytics Manager,PT Fliptech Lentera Inspirasi Pertiwi,Jakarta Raya,Gaji tidak disebutkan,3 hari yang lalu
Data Engineer Lead,PT Fliptech Lentera Inspirasi Pertiwi,Jakarta Raya,Gaji tidak disebutkan,3 hari yang lalu
Product Experience & Evaluation,PT Lippo General Insurance Tbk,Tangerang,Gaji tidak disebutkan,3 hari yang lalu
AI Innovation & Automation Lead,PT Interior Design Indo,Bandung,Rp 5.000.000 – Rp 7.500.000 per month,3 hari yang lalu
AI Engineer,Kataai,Sawah Besar,Gaji tidak disebutkan,3 hari yang lalu
Apprenticeship - Market Researcher,PT Prudential Life Assurance,Jakarta Selatan,Gaji tidak disebutkan,3 hari yang lalu
Data Scientist Credit Scoring,PT Sharing Vision Indonesia,Jakarta Pusat,Gaji tidak disebutkan,3 hari yang lalu
Sales Data & Planning Officer - Layer Commercial,PT Mitra Berlian Unggas,Bandung,Gaji tidak disebutkan,3 hari yang lalu
Data Analyst,"PT. Central Proteina Prima, Tbk",Jakarta Selatan,Gaji tidak disebutkan,3 hari yang lalu
Odoo Analyst and AI Engineer,"PT. Central Proteina Prima, Tbk",Jakarta Raya,Gaji tidak disebutkan,3 hari yang lalu
Data Center IT Engineer,TITANICOM TECH LIMITED,Jakarta Raya,Gaji tidak disebutkan,3 hari yang lalu
Data Engineer,PT Avows Technologies,Jakarta Raya,Rp 7.000.000 – Rp 8.000.000 per month,3 hari yang lalu
Security Engineer,PT Teknologi Inovasi Labs,Cakung,Gaji tidak disebutkan,3 hari yang lalu
Technical Business Analyst,Macquarie Group,Indonesia,Gaji tidak disebutkan,3 hari yang lalu
Business Analyst,Macquarie Group,Indonesia,Gaji tidak disebutkan,3 hari yang lalu
Data Scientist,PT AIA Financial,Jakarta Raya,Gaji tidak disebutkan,3 hari yang lalu
Fulltime Faculty Member - Computer Science (BINUS @Medan Campus),Yayasan Bina Nusantara,Medan,Gaji tidak disebutkan,3 hari yang lalu
DATA ANALYST,A&W Restaurants Indonesia,Jakarta Utara,Gaji tidak disebutkan,3 hari yang lalu
Business Intelligence,SCG,Jakarta Selatan,Gaji tidak disebutkan,3 hari yang lalu
Data Analyst,PT Propan Raya Industrial Coating Chemicals,Tangerang,Gaji tidak disebutkan,3 hari yang lalu
Jr. Data Linguistic,ALPHALITICAL,Kebayoran Lama,Gaji tidak disebutkan,3 hari yang lalu
AI Support Intern,PT. WIZ TECHNOLOGY INDONESIA,Jakarta Raya,Gaji tidak disebutkan,4 hari yang lalu
Regulatory Reporting Business Analyst,Macquarie Group,Indonesia,Gaji tidak disebutkan,4 hari yang lalu
Data Analyst,PT Internet Mulia Untuk Negeri (NEXA),Semarang,Rp 4.500.000 – Rp 5.500.000 per month,4 hari yang lalu
AnyLab Internship Program: AI Agents and Workflow Automation,AnyMind Group,Jakarta Raya,Gaji tidak disebutkan,4 hari yang lalu
Data Analyst for Sales Team,PT.Sinergi Performa Energi Cipta,Kebayoran Lama,Gaji tidak disebutkan,4 hari yang lalu
Market Analyst & Database Staff,Council of Palm Oil Producing Countries (CPOPC),Kemayoran,Gaji tidak disebutkan,4 hari yang lalu
Data Management Supervisor,PT Perindustrian Bapak Djenggot (Orang Tua Group),Jakarta Barat,Gaji tidak disebutkan,4 hari yang lalu
Sales Analyst,PT. Admiral Paragon Jaya,Kabupaten Bogor,Gaji tidak disebutkan,4 hari yang lalu
Data Science (Machine Learning - Lead),PT. Lintas Teknologi Indonesia,Jakarta Raya,Gaji tidak disebutkan,4 hari yang lalu
Data Analyst / PDCA,PT. CBA Chemical Industry,Tangerang,Gaji tidak disebutkan,4 hari yang lalu
Head of Sales Strategy & Analytics,WireHire,Kebayoran Lama,Gaji tidak disebutkan,4 hari yang lalu
Data Operation Center Engineer,Pengiklan Anonim,Tangerang Selatan,Gaji tidak disebutkan,4 hari yang lalu
AI Automation & Process Optimization Assistant Manager,CINEPOLIS INDONESIA,Tangerang,Gaji tidak disebutkan,4 hari yang lalu
Product Manager (Fraud Detection System),PT Empore Hezer Tama,Jakarta Selatan,Gaji tidak disebutkan,4 hari yang lalu
Senior Full Stack,Goodeva Technology,DI Yogyakarta,Gaji tidak disebutkan,4 hari yang lalu
Lab Analyst Junior (ATLM) - Jakarta,Staffinc,Jakarta Raya,Rp 6.500.000 – Rp 6.700.000 per month,4 hari yang lalu
Lead Data Scientist,Populix,Jakarta Raya,Gaji tidak disebutkan,4 hari yang lalu
AI Engineer,PT Cerdas Digital Nusantara,Kecamatan Tangerang,Gaji tidak disebutkan,4 hari yang lalu
Sales Data Analysis,Best Indonesian Gift,Badung,Rp 3.800.000 – Rp 5.000.000 per month,4 hari yang lalu
Research Analyst,PT Katadata Indonesia,Jakarta Selatan,Gaji tidak disebutkan,4 hari yang lalu
Data Analyst,PT Sigma Digital Nusantara,Yogyakarta,Rp 2.500.000 – Rp 3.000.000 per month,4 hari yang lalu
Data Center System Operation Officer,PT CIMB Niaga Auto Finance,Tangerang,Gaji tidak disebutkan,4 hari yang lalu
Analis Data Support,PT PUTRA MANDIRI PERKASA INDONESIA,Jakarta Utara,Rp 5.750.000 – Rp 6.500.000 per month,4 hari yang lalu
AI Automation Developer,PT. Impian Property Management,Badung,Rp 6.000.000 – Rp 8.000.000 per month,4 hari yang lalu
IT Manager (Enterprise Systems & Data),CV Unitech Indonesia,Malang,Gaji tidak disebutkan,4 hari yang lalu
Data Analyst,Catalyst,Kebayoran Lama,Gaji tidak disebutkan,4 hari yang lalu
2027 Graduate Program - Technology,Macquarie Group,Indonesia,Gaji tidak disebutkan,4 hari yang lalu
Jr. Data Engineer,ALPHALITICAL,Kebayoran Lama,Gaji tidak disebutkan,5 hari yang lalu
Executive Assistant to Director,TurnkeyID,Surabaya,Rp 6.000.000 – Rp 9.000.000 per month,5 hari yang lalu
"Data Product Owner, Senior Manager",Macquarie Group,Indonesia,Gaji tidak disebutkan,5 hari yang lalu
Trading Analyst (Pilot),TurnkeyID,Yogyakarta,Rp 4.000.000 – Rp 6.000.000 per month,5 hari yang lalu
ETL Pentaho Developer,PT. BUSINESS ECLOUD INDONESIA INFORMATION TECHNOLOGY,Jakarta Pusat,Gaji tidak disebutkan,5 hari yang lalu
Data Engineer Associate,OTTO Digital,Kebayoran Lama,Gaji tidak disebutkan,5 hari yang lalu
Data Analyst Associate,OTTO Digital,Kebayoran Lama,Gaji tidak disebutkan,5 hari yang lalu
Food Safety Data Analyst,PT. Bionic Natura,Kecamatan Tangerang,Gaji tidak disebutkan,5 hari yang lalu
Analyst Laboratorium Staff,PT Inti Surya Laboratorium,Cisauk,Rp 4.200.000 – Rp 5.000.000 per month,5 hari yang lalu
Research Ops,Aleph,Jakarta Raya,Gaji tidak disebutkan,5 hari yang lalu
Client Data Lead | Fen X,Macquarie Group,Indonesia,Gaji tidak disebutkan,5 hari yang lalu
Akseptasi,PT. Asuransi Umum BCA,Jakarta Raya,Gaji tidak disebutkan,5 hari yang lalu
AI Engineer,PT. UNIVERSAL BAHTERA INDO,Kosambi,Gaji tidak disebutkan,5 hari yang lalu
Operational Compliance & Data Monitoring Officer,PT Chateraise Gobel Indonesia,Jakarta Selatan,Gaji tidak disebutkan,5 hari yang lalu
PERFORMANCE ANALYSIS MANAGER,Pengiklan Anonim,Jakarta Raya,Rp 15.000.000 – Rp 20.000.000 per month,5 hari yang lalu
Data Engineer,PT Digdaya Duta Digital,Setiabudi,Gaji tidak disebutkan,5 hari yang lalu
Senior DWH DBA Engineer,PT Home Credit Indonesia,Jakarta Selatan,Gaji tidak disebutkan,5 hari yang lalu
AI Engineer,PT Digdaya Duta Digital,Setiabudi,Gaji tidak disebutkan,5 hari yang lalu
Product Owner,PT Digdaya Duta Digital,Setiabudi,Gaji tidak disebutkan,5 hari yang lalu
Lead Engineer,PT Digdaya Duta Digital,Setiabudi,Gaji tidak disebutkan,5 hari yang lalu
Artificial Intelligence Engineer,PT Macbramindo Harum Abadi,Tangerang,Gaji tidak disebutkan,5 hari yang lalu
Analisis Bioinformatika,Institut Teknologi Del,Toba Samosir,Gaji tidak disebutkan,5 hari yang lalu
Growth Operations Analyst / Data Analyst,PT. Rupa Aestetika Teknologi Aktual (RATA),Kebayoran Lama,Gaji tidak disebutkan,5 hari yang lalu
Data Analyst,PT. Solusi Jasa Teknologi,Tangerang,Rp 7.000.000 – Rp 8.000.000 per month,5 hari yang lalu
AI Engineer Internship,OPPO Indonesia,Tangerang,Rp 3.000.000 per month,5 hari yang lalu
AI Engineer,PT Graha Karya Informasi,Jakarta Pusat,Rp 13.000.000 – Rp 18.000.000 per month,5 hari yang lalu
Data Engineer,PT Graha Karya Informasi,Jakarta Raya,Rp 10.000.000 – Rp 13.000.000 per month,5 hari yang lalu
System Analyst,PT. Youzan International Indonesia,Jakarta Barat,Gaji tidak disebutkan,6 hari yang lalu
LSMPA Data Analyst,Konservasi Indonesia,Kebayoran Lama,Gaji tidak disebutkan,6 hari yang lalu
Statistic Clerk,PT.Elecmetal Longteng Indonesia,Kabupaten Batang,Gaji tidak disebutkan,6 hari yang lalu
Supervisor Data Analyst Marketing,PT Nissin Foods Indonesia,Jakarta Selatan,Gaji tidak disebutkan,6 hari yang lalu
PRODUCT DATA SPECIALIST,CV.KARYA PRATAMA PERKASA,Denpasar Utara,Rp 3.500.000 – Rp 5.000.000 per month,7 hari yang lalu
Sales Data Analyst,PT Arta Boga Cemerlang,Surakarta,"Rp 2,500,000 – Rp 3,000,000 per month",7 hari yang lalu
AI Sales Lead / Solution Lead – Banking (AI & GenAI),PT Simplify Consulting Indonesia,Jakarta Raya,Gaji tidak disebutkan,7 hari yang lalu
Analisis Data Spesialist platform Mandarin Speaker,PT. Zhisheng Pacific Trading (Mixue),Jakarta Raya,Rp 10.000.000 – Rp 15.000.000 per month,7 hari yang lalu
SALES DATA ANALYST STAFF,FA Merak,Jawa Barat,Gaji tidak disebutkan,7 hari yang lalu
STRATEGIC PLANNING OFFICER,PT Maritim Barito Perkasa (Adaro Logistics Group),Jakarta Raya,Gaji tidak disebutkan,8 hari yang lalu
DATA ANALAYST (FRAUD MONITORING),PT Karya Solusi Prima Sejahtera,Tangerang,Rp 4.500.000 – Rp 5.100.000 per month,8 hari yang lalu
Business Analyst (AI Optimization),VisionTech Pte. Ltd,Jakarta Raya,"Rp 10,000,000 – Rp 15,000,000 per month",8 hari yang lalu
Business Intelligence,Deliveree (PT Angkut Teknologi Indonesia),Jakarta Raya,Gaji tidak disebutkan,8 hari yang lalu
Data Support Spv - Consumer Good,Pengiklan Anonim,Jakarta Raya,Rp 6.000.000 – Rp 9.000.000 per month,8 hari yang lalu
DATA ANALYST,PT Alun Indah,Jakarta Raya,Gaji tidak disebutkan,8 hari yang lalu
Data Scientist,PT Sisindokom Lintasbuana,Jakarta Pusat,Gaji tidak disebutkan,8 hari yang lalu
Sensory Analyst,PT Nojorono Tobacco International,Kudus Kota,Gaji tidak disebutkan,8 hari yang lalu
Data Analyst President's Office Officer,Yayasan Bina Nusantara,Tangerang,Gaji tidak disebutkan,8 hari yang lalu
DATA ANALIS,MIKALINDO BAKTI CEMERLANG,Jakarta Barat,"Rp 6,000,000 – Rp 7,000,000 per month",8 hari yang lalu
Data Center Architect,PT. RJGF International Indonesia,Jakarta Raya,Gaji tidak disebutkan,8 hari yang lalu
Supply Chain Management & Data Analytics Manager,PT Mitra Berlian Unggas,Bandung,Gaji tidak disebutkan,8 hari yang lalu
Production Data & Planning Officer - Layer Commercial,PT Mitra Berlian Unggas,Bandung,Gaji tidak disebutkan,8 hari yang lalu
MIS Developer,PT Indocyber Global Teknologi,Jakarta Raya,Gaji tidak disebutkan,8 hari yang lalu
Data Analyst,PT Ratna Asia,Surabaya,Gaji tidak disebutkan,8 hari yang lalu
AI Engineer,TUNTUN SEKURITAS INDONESIA,Jakarta Utara,Gaji tidak disebutkan,8 hari yang lalu
Data Engineer,TUNTUN SEKURITAS INDONESIA,Jakarta Utara,Gaji tidak disebutkan,8 hari yang lalu
Data Scientist,"PT. Metrodata Electronics, Tbk",Kalideres,Gaji tidak disebutkan,8 hari yang lalu
22. IT BUSINESS APPLICATION,PT Yamaha Motor Electronics Indonesia,Pulo Gadung,Gaji tidak disebutkan,8 hari yang lalu
Data Analyst,PT. MAX AUTO INDONESIA,Semarang,Gaji tidak disebutkan,8 hari yang lalu
Artificial Intelligence Manager,PT. TRANSNOVASI BANGUN PERSADA,Jakarta Timur,Gaji tidak disebutkan,8 hari yang lalu
Data Support Project Intern (GBS ID Agency) - 2026 Start (BS/MS),TIKTOK PTE LTD (TIKTOK),Jakarta Utara,Gaji tidak disebutkan,9 hari yang lalu
Pricing Analyst,PT Luxehouze Group Indonesia,Jakarta Raya,Gaji tidak disebutkan,9 hari yang lalu
Data Engineer,PT Binajasa Sumber Sarana (BSS Recruitment),Jakarta Selatan,Rp 6.000.000 – Rp 6.250.000 per month,9 hari yang lalu
Executive - Data Analyst || Finance Platform Solution,Macquarie Group,Indonesia,Gaji tidak disebutkan,9 hari yang lalu
Data Analytic Outsource (12 months),PT Asuransi Allianz Life Indonesia,Jakarta Raya,Gaji tidak disebutkan,9 hari yang lalu
System Analyst,PT Tri Digital Perkasa (Volantis Technology),DI Yogyakarta,Gaji tidak disebutkan,9 hari yang lalu
Data Analyst Staff,PT Lintas Semesta,Tangerang,Gaji tidak disebutkan,9 hari yang lalu
Business Analyst Staff,Indofood Group,Kebayoran Lama,Gaji tidak disebutkan,9 hari yang lalu
AI Project Management Officer - SPX Express,Shopee Internasional Indonesia,Jakarta Raya,Gaji tidak disebutkan,9 hari yang lalu
Data Collection Officer,PT Suracojaya Abadimotor (Makassar),Makassar,Rp 4.150.000 per month,9 hari yang lalu
Supervisor Data Analyst & Supply Chain (Retail Fashion),Blessindo (Bandung),Cimahi,Rp 6.500.000 – Rp 9.000.000 per month,9 hari yang lalu
Data Analyst,PT Global Yimi Cargo (J&T Cargo),Makassar,Gaji tidak disebutkan,9 hari yang lalu
Junior AI & Data Engineer,PT Solusi Prima Packaging,Tangerang Selatan,Gaji tidak disebutkan,9 hari yang lalu
Product & Market Intelligence Staf,PT Venamon,Bandung,Rp 6.000.000 – Rp 9.000.000 per month,9 hari yang lalu
Operation Analyst and Data Reconciliation,PT Mitra Kasih Perkasa,Semarang,Gaji tidak disebutkan,9 hari yang lalu
Asst Marketing Data & Insight Manager,Kawan Lama Group,Jakarta Raya,Gaji tidak disebutkan,9 hari yang lalu
Azure AI Engineer - Indonesia,CLaaS2SaaS,Jakarta Raya,"Rp 12,000,000 – Rp 14,000,000 per month",9 hari yang lalu
Mathematics IGCSE,Prime One School,Medan,Gaji tidak disebutkan,9 hari yang lalu
Senior Data Scientist,PT PEFINDO Biro Kredit,Jakarta Selatan,Gaji tidak disebutkan,9 hari yang lalu
Senior Data and Security Engineer,Macquarie Group,Indonesia,Gaji tidak disebutkan,9 hari yang lalu
Product Manager,PT Babat Alas Solusi,Kecamatan Tangerang,Gaji tidak disebutkan,10 hari yang lalu
Market Research - Data Analyst Media Advertising OOH,Devis Jaya,Jakarta Raya,Gaji tidak disebutkan,10 hari yang lalu
Secretary to Director (Personal Assistant),Pengiklan Anonim,Jakarta Raya,Gaji tidak disebutkan,10 hari yang lalu
Senior Research Manager,Ravenry,Jakarta Selatan,"Rp 18,000,000 – Rp 27,000,000 per month",10 hari yang lalu
Data Scientist Intern,PT CRIF Lembaga Informasi Keuangan,Setiabudi,Gaji tidak disebutkan,10 hari yang lalu
Market Data Contracts Analyst,Macquarie Group,Indonesia,Gaji tidak disebutkan,10 hari yang lalu
PRODUCT SYSTEM IMPLEMENTATION ANALYST,PT Intrias Mandiri Sejati,Jakarta Raya,Rp 8.500.000 – Rp 9.000.000 per month,10 hari yang lalu
ML/AI Engineer,PT. Skyshi Digital Indonesia,Yogyakarta,Gaji tidak disebutkan,10 hari yang lalu
Business Development Intern,PT Tawada Healthcare,Jakarta Barat,Gaji tidak disebutkan,10 hari yang lalu
Supervisor Data Analyst,PT Multirasa Nusantara (YOSHINOYA Japanese Restaurant),Jakarta Selatan,Gaji tidak disebutkan,10 hari yang lalu
IT Product Analyst,PT. TEMAS TBK,Jakarta Utara,Gaji tidak disebutkan,10 hari yang lalu
Data Engineer Intern,PT AJAIB TTX Solusi (jakarta),Jakarta Raya,Gaji tidak disebutkan,10 hari yang lalu
Senior Data Engineer,PT Satu Dental Indonesia,Jakarta Raya,Gaji tidak disebutkan,10 hari yang lalu
Business Intelligence,PT Teknologi Medika Pratama,Jakarta Pusat,Gaji tidak disebutkan,10 hari yang lalu
Sales Admin / Support,PT Data Labs Analytics,Jakarta Pusat,Gaji tidak disebutkan,10 hari yang lalu
IT Database Engineer,PT Catur Sentosa Adiprana Tbk,Jakarta Barat,Gaji tidak disebutkan,10 hari yang lalu
Operations & Data Analyst Executive,PT.X-motors Internasional Group,Jakarta Utara,Gaji tidak disebutkan,10 hari yang lalu
Data Analyst Agronomy (Perkebunan Kelapa Sawit),Pengiklan Anonim,Jakarta Raya,Gaji tidak disebutkan,10 hari yang lalu
Data Scientist,ParagonCorp,Jakarta Raya,Gaji tidak disebutkan,10 hari yang lalu
Operational Business Analyst,Cartrack Technologies Indonesia,Jakarta Raya,Gaji tidak disebutkan,10 hari yang lalu
Production Engineer (Master Data/Data Analyst),SCG,Karawang,Gaji tidak disebutkan,10 hari yang lalu
Data Analyst,CV Nio Utaman,Banjarmasin,Rp 3.500.000 – Rp 4.000.000 per month,10 hari yang lalu
Data Engineering Officer,Pengiklan Anonim,Jakarta Raya,Gaji tidak disebutkan,10 hari yang lalu
Data Analyst / Data Analis,PT. BPR Artha Karya Perdana,Samarinda Kota,Gaji tidak disebutkan,10 hari yang lalu
Senior Data Engineer,PT Intikom Berlian Mustika - Talent Acquisition,Jakarta Raya,Gaji tidak disebutkan,10 hari yang lalu
Software Engineer - AI Engineering & Assurance,Macquarie Group,Indonesia,Gaji tidak disebutkan,10 hari yang lalu
HC Analyst / Human Capital Data Analyst,PT. Era Blu Elektronik,Jakarta Barat,Gaji tidak disebutkan,11 hari yang lalu
Data Entry IT Garment,FAJARINDO,Kabupaten Bandung,Rp 3.000.000 – Rp 4.000.000 per month,11 hari yang lalu
Data Analyst Sales,Altius Hospital,Jakarta Barat,Gaji tidak disebutkan,11 hari yang lalu
Data Analyst Manager (Lippo Mall Head Office),PT Lippo Malls Indonesia,Jakarta Barat,Gaji tidak disebutkan,11 hari yang lalu
Data Engineer,PT Enseval Putera Megatrading Tbk,Jakarta Timur,Gaji tidak disebutkan,11 hari yang lalu
ENDP _IT Data System Engineer Of HSE Mining (Location: Kalsel),Pengiklan Anonim,Kalimantan Selatan,Gaji tidak disebutkan,11 hari yang lalu
Full Stack Engineer - (Audio & Interaction) | AI Lab,The Economist Group (Asia/Pacific) Limited,Bandung,Gaji tidak disebutkan,11 hari yang lalu
Data Engineer,Cloud Kinetics Technology Sdn Bhd,Jakarta Raya,Gaji tidak disebutkan,11 hari yang lalu
AI Engineer,PT Swadharma Duta Data,Jakarta Raya,Gaji tidak disebutkan,11 hari yang lalu
Mathematics and Science Teacher (For AY 2026/2027),Yayasan Auliya Insan Utama (Sekolah Islam Terpadu AULIYA),Tangerang Selatan,Gaji tidak disebutkan,11 hari yang lalu
RBI DATA ANALYST,PT Indospec Asia,Jakarta Raya,Gaji tidak disebutkan,11 hari yang lalu
Data Analist,PT Riodi Jaya,Medan,Gaji tidak disebutkan,11 hari yang lalu
Reporting & Data Analyst Staff,PT SOS Indonesia,Jakarta Raya,Gaji tidak disebutkan,11 hari yang lalu
Datawarehouse Analyst,PT Eka Mas Republik,Tangerang,Gaji tidak disebutkan,11 hari yang lalu
Applied AI Specialist,merakota,Bandung,Rp 4.500.000 – Rp 6.000.000 per month,11 hari yang lalu
Power BI Developer (Analytics Engineer),Mataram Consultancy,Jakarta Raya,Rp 10.000.000 – Rp 15.000.000 per month,11 hari yang lalu
Senior Data Engineer,Halodoc,Jakarta Selatan,Gaji tidak disebutkan,11 hari yang lalu
AI RPA Developer (Intelligent Automation),Mataram Consultancy,Jakarta Raya,Rp 8.000.000 – Rp 12.000.000 per month,11 hari yang lalu
[276] Junior Data Engineer,Binary Academy,Kebayoran Lama,Gaji tidak disebutkan,11 hari yang lalu
Data Engineer,PT Mandiri International Technology,Jakarta Raya,Gaji tidak disebutkan,11 hari yang lalu
Lead Data Scientist - Big Data and Modelling,Indodana,Jakarta Raya,Gaji tidak disebutkan,11 hari yang lalu
Management Accounting (Data Analysis),PT Global Jet Express,Jakarta Utara,Gaji tidak disebutkan,11 hari yang lalu
Senior Database Administration (IT) Officer,PT Matahari Kahuripan Indonesia (Makin Group),Jakarta Barat,Rp 9.500.000 – Rp 11.000.000 per month,11 hari yang lalu
Finance Data Analyst,Pengiklan Anonim,Balikpapan,Gaji tidak disebutkan,11 hari yang lalu
Admin (Business Development),PT Sisindokom Lintasbuana,Jakarta Pusat,Gaji tidak disebutkan,11 hari yang lalu
Senior Database Analyst,PT Bank Perekonomian Rakyat Danamas,Surabaya,Rp 7.000.000 – Rp 9.000.000 per month,11 hari yang lalu
Machine Learning Engineer,Code.id,Kebayoran Lama,Gaji tidak disebutkan,11 hari yang lalu
Data Scientist,Erajaya Group,Jakarta Raya,Gaji tidak disebutkan,11 hari yang lalu
Data Governance Manager,Macquarie Group,Indonesia,Gaji tidak disebutkan,11 hari yang lalu
Data Engineer,PT Murni Development Indonesia,Kalideres,Gaji tidak disebutkan,12 hari yang lalu
Early Careers - Digital Technology,PT Schlumberger Geophysics Nusantara,Indonesia,Gaji tidak disebutkan,12 hari yang lalu
Early Careers - Geoscience&Petrotechnical,PT Schlumberger Geophysics Nusantara,Indonesia,Gaji tidak disebutkan,12 hari yang lalu
Digital Technology Internship,PT Schlumberger Geophysics Nusantara,Indonesia,Gaji tidak disebutkan,12 hari yang lalu
Data Architect,PT Murni Development Indonesia,Kalideres,Gaji tidak disebutkan,12 hari yang lalu
Sistem Analis,Prima Land Cozy Kos,Malang,Gaji tidak disebutkan,12 hari yang lalu
Faculty Member Statistics and Business Mathematics - SATU University @ Pontianak,Yayasan Bina Nusantara,Pontianak Barat,Gaji tidak disebutkan,12 hari yang lalu
Lead AI Engineer,PT Simplify Consulting Indonesia,Jakarta Selatan,Gaji tidak disebutkan,12 hari yang lalu
Data Analyst,Indofood Group,Kebayoran Lama,Gaji tidak disebutkan,12 hari yang lalu
Transformation Office Internship (Data Analyst),PT Tunas Ridean,Pasar Minggu,Gaji tidak disebutkan,12 hari yang lalu
Statistical Staff 统计员专员,PT Indo Fudong Konstruksi,Jakarta Pusat,Rp 6.000.000 – Rp 8.000.000 per month,12 hari yang lalu
Operational Data Support,PT Global Retailindo Pratama (Minimart ),Denpasar,Gaji tidak disebutkan,12 hari yang lalu
Biopharmaceutical DI(Data Integrity) Specialist,PT SKPLASMA CORE INDONESIA,Karawang,Gaji tidak disebutkan,12 hari yang lalu
Operation Data Support Manager,PT. AEON Indonesia,Tangerang,Gaji tidak disebutkan,12 hari yang lalu
PT. Dirgaputra Ekapratama,PT. Dirgaputra Ekapratama,Jakarta Raya,Gaji tidak disebutkan,12 hari yang lalu
Data Engineer,PT Indocyber Global Teknologi,Jakarta Raya,Gaji tidak disebutkan,12 hari yang lalu
Data Analyst,"PT Allo Bank Indonesia, Tbk",Jakarta Raya,Gaji tidak disebutkan,12 hari yang lalu
Jr. Product Manager,IlmuOne Data,Kemayoran,Gaji tidak disebutkan,12 hari yang lalu
Weather Analytics and Forecasting,PT Pasifik Satelit Nusantara,Jakarta Selatan,Gaji tidak disebutkan,12 hari yang lalu
Business Analyst,Ivaro Furniture,Tangerang,Rp 7.000.000 – Rp 10.000.000 per month,12 hari yang lalu
Phyton AI Automation Engineer,RemoHires,Jakarta Raya,Rp 6.000.000 – Rp 7.000.000 per month,13 hari yang lalu
Senior Software Engineering,Karunia Prima Nastari (KPN CORP.),Jakarta Selatan,Gaji tidak disebutkan,13 hari yang lalu
AI Transformation Manager,PT Asthanesia Global Investama,Bogor,Gaji tidak disebutkan,13 hari yang lalu
DATA ANALIS (SALES FMCG),PT Aroma Prima Livindo,Cipondoh,"Rp 6,500,000 – Rp 8,000,000 per month",14 hari yang lalu
Data Analyst Intern,PT Pabrik Cat & Tinta Pacific (Pacific Paint),Tangerang,Rp 1.500.000 – Rp 2.000.000 per month,14 hari yang lalu
Data Support (Balikpapan),PT Depoguna Bangunan Online,Balikpapan,Gaji tidak disebutkan,14 hari yang lalu
Sales Data Analyst,PT Pristine Prima Lestari,Cengkareng,Rp 5.211.000 – Rp 6.000.000 per month,15 hari yang lalu
Business Intelligence Project Management Intern,PT Alto Network,Jawa Tengah,Gaji tidak disebutkan,15 hari yang lalu
Data Engineer Section Head,PT Triputra Agro Persada,Jakarta Selatan,Gaji tidak disebutkan,15 hari yang lalu
Data Analyst Assistant Manager,PT. Dirgaputra Ekapratama,Jakarta Timur,Gaji tidak disebutkan,15 hari yang lalu
System Analyst (Contract Base),PT Mitra Solusi Telematika,Jakarta Raya,Gaji tidak disebutkan,15 hari yang lalu
Data Analyst,"PT. Solusi Sinergi Digital, Tbk (Surge)",Jakarta Raya,Gaji tidak disebutkan,15 hari yang lalu
AI Process Automation,PT CARSURIN Tbk,Jakarta Raya,Rp 6.000.000 – Rp 8.000.000 per month,15 hari yang lalu
AI Ignite Internship Programme (AIIP),PT Sea Group,Indonesia,Gaji tidak disebutkan,15 hari yang lalu
Jr Manager Business Analyst,Indofood Group,Kebayoran Lama,Gaji tidak disebutkan,15 hari yang lalu
Business Intelligence (Multifinance Industry),PT. SIGMA GLOBAL TEKNOLOGI (SIGMATECH),Jakarta Selatan,Gaji tidak disebutkan,15 hari yang lalu
Artificial Intelligence (AI) Presales Engineer,PT Sinergi Wahana Gemilang,Jakarta Raya,Gaji tidak disebutkan,15 hari yang lalu
Data Scientist,PT Data Labs Analytics,Jakarta Pusat,Gaji tidak disebutkan,15 hari yang lalu
IT Big Data / AI - Internship,PT Bank Nationalnobu Tbk,Karawaci,Gaji tidak disebutkan,15 hari yang lalu
Junior Business Analyst - Banking Industry (Can Join Immediately),PT. SIGMA GLOBAL TEKNOLOGI (SIGMATECH),Jakarta Raya,Gaji tidak disebutkan,15 hari yang lalu
Business Intelligence Developer - Multifinance Industry,PT. SIGMA GLOBAL TEKNOLOGI (SIGMATECH),Jakarta Raya,Gaji tidak disebutkan,15 hari yang lalu
AI Engineer,PT Tiga Daya Digital Indonesia,Jakarta Raya,Gaji tidak disebutkan,15 hari yang lalu
Audit Data Analyst,PT Sahabat Gadai Jawa Barat,Bekasi,Gaji tidak disebutkan,15 hari yang lalu
Technical Analyst,PT MITRA BUANA VENTURA,Jakarta Raya,Rp 7.000.000 – Rp 10.000.000 per month,15 hari yang lalu
Python Software Engineer,PT Sumber Makmur Surya Perkasa,Genteng,Gaji tidak disebutkan,15 hari yang lalu
Games Senior Data Analyst,Live Play Mobile Inc,Jakarta Raya,Gaji tidak disebutkan,15 hari yang lalu
Jr. IT Data Analyst,Expat. Roasters,Denpasar,Gaji tidak disebutkan,16 hari yang lalu
Operations Analytics Associate,PT Solusi Transportasi Indonesia,Kebayoran Lama,Gaji tidak disebutkan,16 hari yang lalu
Middle Data Engineer | Banking Industry | Jakarta (WFO),PT MSBU Konsultan Indonesia,Kebayoran Lama,Gaji tidak disebutkan,16 hari yang lalu
Data Protection Officer (DPO) Officer,PT Alto Network,Jawa Tengah,Gaji tidak disebutkan,16 hari yang lalu
Risk Analyst,PT Home Credit Indonesia,Jakarta Selatan,Gaji tidak disebutkan,16 hari yang lalu
Information System Lecturer,Yayasan Duranno Indonesia,Cikarang Pusat,Gaji tidak disebutkan,16 hari yang lalu
AI Engineer,PT Artha Infotama (Jakarta),Setiabudi,Gaji tidak disebutkan,16 hari yang lalu
AI/ML Engineer,PT Sisindokom Lintasbuana,Jakarta Pusat,Gaji tidak disebutkan,16 hari yang lalu
IT Management Information System - Data Warehouse Engineer,OTO Group,Jakarta Selatan,Gaji tidak disebutkan,16 hari yang lalu
Data Architect,PT Metrocom Global Solusi,Jakarta Selatan,Gaji tidak disebutkan,16 hari yang lalu
Full Stack Developer,Goodeva Technology,DI Yogyakarta,Rp 4.000.000 – Rp 6.000.000 per month,16 hari yang lalu
Project Manager – Data & Analytics,PT Inovasi Digital Threesixty,Jakarta Pusat,Gaji tidak disebutkan,16 hari yang lalu
Technical Lead – Big Data & Analytics,PT Inovasi Digital Threesixty,Jakarta Pusat,Gaji tidak disebutkan,16 hari yang lalu
STAFF PIC CRM (ANALIS DATA),Anugerah Group,DI Yogyakarta,Gaji tidak disebutkan,16 hari yang lalu
Data Sales Analyst,PT.Sinergi Performa Energi Cipta,Kebayoran Lama,Gaji tidak disebutkan,16 hari yang lalu
Data Collecting,PT KEHAMILAN SEHAT SEJAHTERA,Jakarta Raya,Rp 2.500.000 – Rp 3.500.000 per month,16 hari yang lalu
Data Engineering Manager,Macquarie Group,Indonesia,Gaji tidak disebutkan,16 hari yang lalu
Credit Analyst (Mataram),Kop Sehati Makmur Abadi,Lombok,Gaji tidak disebutkan,16 hari yang lalu
Credit Scoring & Portfolio Manager,PT Sejahtera Sama Kita,Jakarta Raya,Gaji tidak disebutkan,16 hari yang lalu
AI Solutions Engineer | Technology Industry | Jakarta (WFO),PT MSBU Konsultan Indonesia,Kebayoran Lama,Gaji tidak disebutkan,16 hari yang lalu
Construction Manager (Data Center),PT Bureau Veritas Indonesia,Jakarta Raya,Gaji tidak disebutkan,17 hari yang lalu
Data Quality Specialist,PT Inovasi Digital Threesixty,Jakarta Pusat,Gaji tidak disebutkan,17 hari yang lalu
Data Governance Oficer,PT Inovasi Digital Threesixty,Jakarta Pusat,Gaji tidak disebutkan,17 hari yang lalu
Data Scientist,PT Inovasi Digital Threesixty,Jakarta Pusat,Gaji tidak disebutkan,17 hari yang lalu
Dashboard Engineer,PT Inovasi Digital Threesixty,Jakarta Pusat,Gaji tidak disebutkan,17 hari yang lalu
Business Intelligence Engineer (Multifinance Industry),PT. SIGMA GLOBAL TEKNOLOGI (SIGMATECH),Jakarta Raya,Gaji tidak disebutkan,17 hari yang lalu
Financial Model Consultant,Ravenry,Jakarta Raya,"Rp 7,000,000 – Rp 9,000,000 per month",17 hari yang lalu
System Reliability Engineer,PT Inovasi Digital Threesixty,Jakarta Pusat,Gaji tidak disebutkan,17 hari yang lalu
DataOps / MLOps Engineer,PT Inovasi Digital Threesixty,Jakarta Pusat,Gaji tidak disebutkan,17 hari yang lalu
Data Engineer,PT ROCKSTAR SPORTS SCHOOL,Jakarta Barat,Rp 10.000.000 – Rp 15.000.000 per month,17 hari yang lalu
Data Engineer (ETL),PT Lawencon Internasional,Jakarta Selatan,Gaji tidak disebutkan,17 hari yang lalu
Business Analyst,PT Sigmantara Alfindo,Banten,Gaji tidak disebutkan,17 hari yang lalu
Data Engineer,PT Inovasi Digital Threesixty,Jakarta Pusat,Gaji tidak disebutkan,17 hari yang lalu
Data Analyst – Relaxology & Wellness,Pengiklan Anonim,Jakarta Raya,Gaji tidak disebutkan,17 hari yang lalu
Business Analyst,PT Tritunas Bangun Perkasa,Batam,Gaji tidak disebutkan,17 hari yang lalu
MIS Staff (Ms. Excel Expert),PT. Shinhan Indo Finance,Jakarta Timur,Gaji tidak disebutkan,17 hari yang lalu
Senior Data Analyst – P2P Lending,PT Anugerah Digital Indonesia,Jakarta Selatan,Gaji tidak disebutkan,17 hari yang lalu
AI Engineer,Pengiklan Anonim,Jakarta Raya,Rp 10.000.000 – Rp 11.000.000 per month,18 hari yang lalu
Data Engineer,PT. SENTRA SOLUSI BANGSA,Jakarta Raya,Rp 5.000.000 – Rp 6.000.000 per month,18 hari yang lalu
Fraud Junior Analyst - Risk Platform,Indodana,Jakarta Raya,Gaji tidak disebutkan,19 hari yang lalu
Data Analyst and Korean Reporting,PT Intrias Mandiri Sejati,Jakarta Pusat,Rp 8.000.000 – Rp 10.000.000 per month,19 hari yang lalu
Product Support Analyst I,CSG International Sdn. Bhd.,Jakarta Raya,Gaji tidak disebutkan,19 hari yang lalu
Identity Management Associate Analyst,PT Intrias Mandiri Sejati,Jakarta Raya,Rp 5.729.876 – Rp 6.000.000 per month,19 hari yang lalu
Data and Reporting - Senior Analyst,Macquarie Group,Indonesia,Gaji tidak disebutkan,19 hari yang lalu
EDP (Electronic Data Processing),PT Gawi Makmur Kalimantan,Kalimantan Selatan,Gaji tidak disebutkan,19 hari yang lalu
Map Annotation Intern - Jakarta,PT SIGMA SOLUSI SERVICE,Kemayoran,Gaji tidak disebutkan,19 hari yang lalu
Data Annotator – Jakarta,PT SIGMA SOLUSI SERVICE,Kemayoran,Gaji tidak disebutkan,19 hari yang lalu
Intern Insight,PT.Sinergi Performa Energi Cipta,Kebayoran Lama,Gaji tidak disebutkan,19 hari yang lalu
Molecular Analyst,"PT SMART,Tbk",Bogor,Gaji tidak disebutkan,19 hari yang lalu
Technical Data Specialist - Networking Products and Solutions,Inqui Solutions Pte. Ltd.,Batam,Gaji tidak disebutkan,20 hari yang lalu
AI (Artificial Intelligence) Engineer,PT. Insan Muda Berprestasi,Surabaya,Rp 5.000.000 – Rp 6.000.000 per month,21 hari yang lalu
Data Analyst,Tech Game,Jakarta Raya,Rp 8.000.000 – Rp 12.000.000 per month,21 hari yang lalu
Sales Data Analyst,"PT Steel Pipe Industry of Indonesia, Tbk",Karawang,Gaji tidak disebutkan,21 hari yang lalu
SAFETY ANALYST GL,PT Putra Perkasa Abadi,Kebayoran Baru,Gaji tidak disebutkan,22 hari yang lalu
Station Management Analyst,Ninja Xpress,Jakarta Raya,Gaji tidak disebutkan,22 hari yang lalu
Marketing Quantitative Executive,PT Niaga Nusa Abadi,Jakarta Timur,Gaji tidak disebutkan,22 hari yang lalu
AI Infrastructure / Server Engineer,Steradian Data Optima,Jakarta Raya,Rp 7.000.000 – Rp 9.000.000 per month,22 hari yang lalu
Data Scientist,Steradian Data Optima,Jakarta Raya,Rp 8.000.000 – Rp 10.000.000 per month,22 hari yang lalu
Data Analytic,Steradian Data Optima,Jakarta Raya,Rp 8.000.000 – Rp 10.000.000 per month,22 hari yang lalu
Business Analyst,"PT. Sreeya Sewu Indonesia, Tbk",Tangerang,Gaji tidak disebutkan,22 hari yang lalu
AI Engineer Senior,PT. LOTTE INNOVATE INDONESIA,Cilegon,Gaji tidak disebutkan,22 hari yang lalu
Data Engineer,Macquarie Group,Indonesia,Gaji tidak disebutkan,22 hari yang lalu
Big Data Specialist,PT Kode Evolusi Bangsa,Jakarta Pusat,Rp 10.000.000 – Rp 15.000.000 per month,22 hari yang lalu
Machine Learning Engineer,PT Kode Evolusi Bangsa,Jakarta Pusat,Rp 10.000.000 – Rp 15.000.000 per month,22 hari yang lalu
"Researcher, Junior Researcher, HPC Engineering",Institut Teknologi Del,Toba Samosir,Gaji tidak disebutkan,22 hari yang lalu
Data Analyst,PT LOCATOR LOGIC SOLUTIONS,Jakarta Selatan,Rp 6.000.000 – Rp 8.000.000 per month,22 hari yang lalu
Digital Risk QA Analyst Area Bengkulu,PT Bank Multiarta Sentosa,Bengkulu,Gaji tidak disebutkan,22 hari yang lalu
GIS Analyst,PT LOCATOR LOGIC SOLUTIONS,Jakarta Selatan,Rp 6.500.000 – Rp 8.000.000 per month,22 hari yang lalu
Data Analyst,CV Gunung Mas Sejahtera,Jakarta Utara,Rp 7.000.000 – Rp 10.000.000 per month,22 hari yang lalu
Data specialist,PT. BRAHMA INTERNATIONAL,Jakarta Selatan,Gaji tidak disebutkan,22 hari yang lalu
Database Operation Officer,PT Indosopha Sakti,Jakarta Selatan,Gaji tidak disebutkan,22 hari yang lalu
Market & Product Research,PT Jakarta Digital Nusantara,Jakarta Barat,Rp 6.000.000 – Rp 6.500.000 per month,22 hari yang lalu
Data Analyst - Procurement Analyst,PT Margacipta Wirasentosa,Tangerang,Gaji tidak disebutkan,22 hari yang lalu
Reserving Actuary,"PT ZURICH ASURANSI INDONESIA, Tbk",Jakarta Selatan,Gaji tidak disebutkan,22 hari yang lalu
Data Analysis Supervisor,PT SGMW Motor Indonesia,Jakarta Selatan,Gaji tidak disebutkan,22 hari yang lalu
Sales Data Analyst,PT Mitra Rubber Industries,Kelapa Gading,Rp 6.000.000 – Rp 8.000.000 per month,22 hari yang lalu
junior data analis,D & I  Skin Centre - Klinik Spesialis Kulit,Denpasar Selatan,Rp 2.500.000 – Rp 3.500.000 per month,23 hari yang lalu
SAFETY ANALYST GL,PT Putra Perkasa Abadi,Kebayoran Baru,Gaji tidak disebutkan,23 hari yang lalu
MARINE SURVEY GEOPHYSICIST – STUDENT INTERNSHIP 2026 (OFFICE-BASED),PT Fugro Indonesia,Kebayoran Lama,Gaji tidak disebutkan,23 hari yang lalu
Product Development (R&D),Trapo Indonesia,Kalideres,Gaji tidak disebutkan,23 hari yang lalu
AI & Automation Specialist,PT Komodo Capital Partners Management,Sleman,Gaji tidak disebutkan,23 hari yang lalu
Senior Analyst - Data and Models Governance,Macquarie Group,Indonesia,Gaji tidak disebutkan,23 hari yang lalu
Sales Data Analyst,PT Kartika Sari Indonesia,Bandung,Gaji tidak disebutkan,23 hari yang lalu
Database Intern,Alodokter,Jakarta Selatan,Gaji tidak disebutkan,23 hari yang lalu
Clinical Study Coordinator (Denpasar),Siloam Hospitals Group (Tbk),Bali,Gaji tidak disebutkan,23 hari yang lalu
Data Engineer,Sibernetik Integra Data,Jakarta Raya,Gaji tidak disebutkan,23 hari yang lalu
Officer - Data Processing,PT. SAPTAINDRA SEJATI,Kalimantan Selatan,Gaji tidak disebutkan,23 hari yang lalu
Data Governance,PT Sigma Cipta Utama,Jakarta Raya,Gaji tidak disebutkan,23 hari yang lalu
IT Data Management Specialist,PT Bussan Auto Finance (BAF),Jakarta Raya,Gaji tidak disebutkan,23 hari yang lalu
IT R&D Intern,PT ASURANSI SIMAS JIWA,Jakarta Raya,Gaji tidak disebutkan,23 hari yang lalu
Sr. Product & Performance Analyst,IlmuOne Data,Jakarta Raya,Gaji tidak disebutkan,23 hari yang lalu
Jr. Product & Performance Analyst,IlmuOne Data,Jakarta Raya,Gaji tidak disebutkan,23 hari yang lalu
L1 Cloud Support Engineer,PT Data Labs Analytics,Jakarta Pusat,Gaji tidak disebutkan,23 hari yang lalu
Business Development Representative (BDR),PT Data Labs Analytics,Jakarta Pusat,Gaji tidak disebutkan,23 hari yang lalu
Business Analyst,PT Clavisindo Berjaya,Jakarta Pusat,Gaji tidak disebutkan,23 hari yang lalu
Regulatory Reporting Analyst,Macquarie Group,Indonesia,Gaji tidak disebutkan,23 hari yang lalu
Analyst - Market Data Sourcing and Procurement,Macquarie Group,Indonesia,Gaji tidak disebutkan,23 hari yang lalu
Data Analyst,Mentari Megah Perkasa,Balikpapan,Rp 4.000.000 – Rp 5.000.000 per month,23 hari yang lalu
Real Assets Digital and AI - Digital Solutions Owner,Macquarie Group,Indonesia,Gaji tidak disebutkan,24 hari yang lalu
DATA PROCESSOR,PT Putra Perkasa Abadi,Kebayoran Baru,Gaji tidak disebutkan,24 hari yang lalu
Fraud Analyst,Vida,Jakarta Raya,Gaji tidak disebutkan,24 hari yang lalu
Financial Data Analyst Specialist,PT Mitra Indo Maju,Denpasar,Gaji tidak disebutkan,24 hari yang lalu
Data Engineer (Project Base),PT Mitra Solusi Telematika,Cilandak,Gaji tidak disebutkan,24 hari yang lalu
Data Analytics Intern,PT Adira Dinamika Multi Finance Tbk,Jakarta Selatan,Gaji tidak disebutkan,24 hari yang lalu
Quantitative Analyst - Data Statistic,TurnkeyID,Malang,Rp 7.000.000 – Rp 10.000.000 per month,24 hari yang lalu
Admin Part Analyst,PT Probesco Disatama,Jakarta Pusat,Gaji tidak disebutkan,24 hari yang lalu
Middle Business Analyst,PT Niaga Manajemen Citra,Tangerang,Rp 11.500.000 – Rp 13.000.000 per month,24 hari yang lalu
Data Risk Manager | Enablement,Macquarie Group,Indonesia,Gaji tidak disebutkan,24 hari yang lalu
Junior DBA,pt mitra utama solusi telematika,Jakarta Raya,Rp 6.000.000 – Rp 6.800.000 per month,24 hari yang lalu
Krani 1 Data Center (Perkebunan Kelapa Sawit),PT. TIGADAUN KAPUAS,Kalimantan Selatan,Gaji tidak disebutkan,24 hari yang lalu
Finance Data Analyst,PT Propan Raya Industrial Coating Chemicals,Tangerang,Gaji tidak disebutkan,24 hari yang lalu
Data specialist,PT. BRAHMA INTERNATIONAL,Jakarta Selatan,Gaji tidak disebutkan,24 hari yang lalu
Admin Data Intern,PT Piposmart Digital Indonesia,Batam Kota,Gaji tidak disebutkan,24 hari yang lalu
Intern - Data Scientist,PT Pratesis,Jakarta Selatan,Gaji tidak disebutkan,24 hari yang lalu
Marketing Analyst,PT Tancorp Abadi Nusantara,Jawa Timur,Gaji tidak disebutkan,24 hari yang lalu
Data Analyst,Staffinc,Tangerang,Rp 5.000.000 – Rp 6.000.000 per month,25 hari yang lalu
Data Management Specialist,Retail Orang Tua Group,Jakarta Raya,Gaji tidak disebutkan,25 hari yang lalu
AI Initiatives Intern - Marketing,Shopee Internasional Indonesia,Jakarta Raya,Gaji tidak disebutkan,25 hari yang lalu
Portfolio Analyst,Anteraja,Jakarta Raya,Gaji tidak disebutkan,25 hari yang lalu
HN Analytics Intern,Danone Indonesia,Jakarta Raya,Gaji tidak disebutkan,25 hari yang lalu
Budget Controlling Intern,PT Alto Network,Jawa Tengah,Gaji tidak disebutkan,25 hari yang lalu
"Associate, Voicebot Product Operations-Jakarta",LAZADA.CO.ID,Jakarta Raya,Gaji tidak disebutkan,25 hari yang lalu
Fullstack AI Chatbot Developer - Food and Baverage Industry - Onsite Bandung,PT MSBU Konsultan Indonesia,Bandung,Gaji tidak disebutkan,25 hari yang lalu
BI Engineer for Multifinance Industry,PT. SIGMA GLOBAL TEKNOLOGI (SIGMATECH),Jakarta Selatan,Rp 9.000.000 – Rp 11.000.000 per month,25 hari yang lalu
Data Analyst Intern,GoTo Financial,Jakarta Raya,Gaji tidak disebutkan,25 hari yang lalu
Data Engineer - Insurance,PT Solusi Transportasi Indonesia,Kebayoran Lama,Gaji tidak disebutkan,25 hari yang lalu
HN Analytics Intern,Danone Indonesia,Jakarta Raya,Gaji tidak disebutkan,25 hari yang lalu
Business Intelligence - Engineering Intern (Data Governance),Shopee Internasional Indonesia,Jakarta Raya,Gaji tidak disebutkan,25 hari yang lalu
Data Engineer,PT. SATYALAKSANA SANGKALA ADIKARIM PERKASA,Yogyakarta,Rp 2.500.000 – Rp 3.000.000 per month,25 hari yang lalu
Credit & Business Solution Intern,Danone Indonesia,Jakarta Selatan,Gaji tidak disebutkan,25 hari yang lalu
FIST System & Data Lead,Pengiklan Anonim,Jakarta Raya,Gaji tidak disebutkan,25 hari yang lalu
Project Manager,Feedloop AI,Jakarta Raya,Rp 8.000.000 – Rp 11.000.000 per month,25 hari yang lalu
Data Analyst Intern,GoTo Group,Jakarta Raya,Gaji tidak disebutkan,25 hari yang lalu
Data Consultant,PT IDStar Cipta Teknologi,Jakarta Raya,Gaji tidak disebutkan,25 hari yang lalu
Data Aggregation Specialist,Lalco Holdings,Sumatera Utara,Gaji tidak disebutkan,25 hari yang lalu
Senior Data Engineer,PT. LOTTE INNOVATE INDONESIA,Cilegon,Gaji tidak disebutkan,25 hari yang lalu
STAFF DATA ANALYST,PT. BUKIT INTI MAKMUR ABADI,Bekasi,Gaji tidak disebutkan,25 hari yang lalu
Data Analyst Specialist (MIS),PT Teknologi Internasional Nusantara,Jakarta Raya,Gaji tidak disebutkan,25 hari yang lalu
IoT Engineer Leader,PT Ragdalion Revolusi Industri,Cikarang Selatan,Gaji tidak disebutkan,25 hari yang lalu
Junior Data Analyst,PT Mangrove Data Group,Badung,Rp 3.650.000 – Rp 3.800.000 per month,25 hari yang lalu
Data Engineer,PT Molca Teknologi Nusantara,Surabaya,Gaji tidak disebutkan,25 hari yang lalu
Terrestial Data Processing,"PT SMART,Tbk",Jakarta Raya,Gaji tidak disebutkan,25 hari yang lalu
Artificial Intelligence Engineer,PT Mitra Solusi Telematika,Cilandak,Gaji tidak disebutkan,25 hari yang lalu
Data Engineer,PT Paragon Pratama Teknologi,Kemayoran,Gaji tidak disebutkan,26 hari yang lalu
Data Protection Officer,PT HYPEFAST KARYA NUSANTARA,Kebayoran Lama,Gaji tidak disebutkan,26 hari yang lalu
Data Scientist,PT HYPEFAST KARYA NUSANTARA,Jakarta Raya,Gaji tidak disebutkan,26 hari yang lalu
Business Analyst,PT Amber Solusi Internasional,Jakarta Raya,Gaji tidak disebutkan,26 hari yang lalu
Project Lead (Data Centre),PT Cushman & Wakefield Indonesia,Batam,Gaji tidak disebutkan,26 hari yang lalu
AI Engineer,PT TRANSPORTASI JAKARTA,Jakarta Timur,Rp 7.000.000 – Rp 8.500.000 per month,26 hari yang lalu
Associate Data Scientist KG Media,Kompas Gramedia - KG Media,Kemayoran,Gaji tidak disebutkan,26 hari yang lalu
Data System Analyst,Pengiklan Anonim,Deli Serdang,Gaji tidak disebutkan,26 hari yang lalu
Data Analyst,PT Citarasa Kuliner Indonesia (Cimol Bojot AA),Bandung,Gaji tidak disebutkan,26 hari yang lalu
HC Data Analyst (Internship),Erajaya Group,Jakarta Barat,Gaji tidak disebutkan,26 hari yang lalu
Junior Data Analyst  (Statistics & Analytics Focus),Indigo Luna Store,Badung,Gaji tidak disebutkan,26 hari yang lalu
Middle System Analyst,PT Niaga Manajemen Citra,Jakarta Raya,Rp 12.500.000 – Rp 14.000.000 per month,26 hari yang lalu
Data Analyst Specialist,PT. Artha Adipersada,Surabaya,Gaji tidak disebutkan,26 hari yang lalu
Senior AI Prompter,PT Niaga Manajemen Citra,Jakarta Raya,Rp 16.000.000 – Rp 18.000.000 per month,26 hari yang lalu
Middle AI Prompter,PT Niaga Manajemen Citra,Jakarta Raya,Rp 12.500.000 – Rp 14.000.000 per month,26 hari yang lalu
Data Engineer - Jakarta,PT. LIPPO KARAWACI TBK,Jakarta Pusat,Gaji tidak disebutkan,26 hari yang lalu
Junior AI Prompter,PT Niaga Manajemen Citra,Jakarta Raya,Rp 9.000.000 – Rp 10.500.000 per month,26 hari yang lalu
Fresh Graduate AI Prompter,PT Niaga Manajemen Citra,Jakarta Raya,Rp 7.500.000 – Rp 8.500.000 per month,26 hari yang lalu
Strategic Digital Development Analyst,PT Bank Mandiri (PERSERO) Tbk,Jakarta Raya,Gaji tidak disebutkan,26 hari yang lalu
MS SQL Database Administrator,PT Bank Mandiri (PERSERO) Tbk,Jakarta Raya,Gaji tidak disebutkan,26 hari yang lalu
Data Scientist - Jakarta,PT. LIPPO KARAWACI TBK,Jakarta Pusat,Gaji tidak disebutkan,26 hari yang lalu
Position,"PT Summarecon Agung, Tbk",Kecamatan Tangerang,Gaji tidak disebutkan,26 hari yang lalu
IT DEVELOPMENT,PT Smart Multi Finance,Jakarta Raya,Gaji tidak disebutkan,26 hari yang lalu
Research Analyst,PT YAKIN BERTUMBUH SEKURITAS,Surabaya,Gaji tidak disebutkan,26 hari yang lalu
Data Center Infrastructure Engineer,PT Anomali Lintas Cakrawala,Jakarta Selatan,Rp 7.000.000 – Rp 9.000.000 per month,26 hari yang lalu
Sistem Analis IT,Morning Glory Enterprise (Surabaya),Surabaya,Gaji tidak disebutkan,26 hari yang lalu
Peneliti Muda (Research Fellow),Satwa Sehat Indonesia,Malang,Rp 2.000.000 – Rp 3.000.000 per month,27 hari yang lalu
"Intern, Actuarial (June Intake)",EdirectInsure Group,Jakarta Raya,Gaji tidak disebutkan,1 bulan yang lalu
eDiscovery DevOps Engineer,Macquarie Group,Indonesia,Gaji tidak disebutkan,1 bulan yang lalu
HC Analytics Intern,PT Adira Dinamika Multi Finance Tbk,Jakarta Selatan,Gaji tidak disebutkan,1 bulan yang lalu
Dosen Program Studi Informatika,Yayasan Pendidikan Pradita Indonesia,Tangerang,Rp 10.000.000 – Rp 15.000.000 per month,1 bulan yang lalu
Personal assistant,PT Riseta Medica Inovasia,Jakarta Timur,Rp 3.800.000 – Rp 5.530.000 per month,1 bulan yang lalu
Business Analyst - Banking Industry Placement,PT. SIGMA GLOBAL TEKNOLOGI (SIGMATECH),Jakarta Selatan,Rp 8.000.000 – Rp 9.500.000 per month,1 bulan yang lalu
AI Engineer,PT IDStar Cipta Teknologi,Jakarta Raya,Gaji tidak disebutkan,1 bulan yang lalu
Senior Data Engineer (Mandarin Speaker),PT. HAND Solutions Indonesia,Jakarta Pusat,Gaji tidak disebutkan,1 bulan yang lalu
Business Intelligence Developer (Middle–Senior),Xquisite AI,Jakarta Raya,Gaji tidak disebutkan,1 bulan yang lalu
Project Manager ICT (Data Centre),PT Cushman & Wakefield Indonesia,Jakarta Barat,Gaji tidak disebutkan,1 bulan yang lalu
Product Owner,Steradian Data Optima,Jakarta Raya,Rp 7.000.000 – Rp 8.000.000 per month,1 bulan yang lalu
Business Analyst,B-LOG,Tangerang,Gaji tidak disebutkan,1 bulan yang lalu
Data Analyst,PT Walden Global Services,Bandung,Rp 5.500.000 – Rp 8.000.000 per month,1 bulan yang lalu
GenAI & Data Modeling Technical Lead (Client-Side),PT Sinergi Daya Mitra,Jakarta Raya,Gaji tidak disebutkan,1 bulan yang lalu
Business Growth Manager,PT METEOR INOVASI DIGITAL,Kabupaten Tangerang,Rp 10.000.000 – Rp 13.000.000 per month,1 bulan yang lalu
ETL Developer (Yogyakarta Based),PT. SIGMA GLOBAL TEKNOLOGI (SIGMATECH),Yogyakarta,Rp 9.000.000 – Rp 9.500.000 per month,1 bulan yang lalu
Data Analyst,PT Dwara Artha Digital,Jakarta Raya,Rp 7.000.000 – Rp 9.500.000 per month,1 bulan yang lalu
Business Analyst,PT Suriatama,Jakarta Utara,Gaji tidak disebutkan,1 bulan yang lalu
Product Analyst / Pengembangan Product,PT MUMUSO TRADING INDONESIA,Jakarta Utara,Rp 6.000.000 – Rp 8.000.000 per month,1 bulan yang lalu
Portfolio Analyst,PT. Tri Adi Bersama,Jakarta Selatan,Gaji tidak disebutkan,1 bulan yang lalu
ADMIN DATA VALIDATION - HEAD OFFICE,PT Alfa Retailindo,Jakarta Selatan,Gaji tidak disebutkan,1 bulan yang lalu
Sr. Data Engineer - I,Sekolah.mu,Jakarta Raya,Gaji tidak disebutkan,30+ hari yang lalu
Jr. Technical Analytics Consultant,IlmuOne Data,Jakarta Raya,Gaji tidak disebutkan,30+ hari yang lalu
Workforce Insights Coordinator,Macquarie Group,Indonesia,Gaji tidak disebutkan,30+ hari yang lalu
Jr. Project Manager Advisory/Scrum,IlmuOne Data,Jakarta Raya,Gaji tidak disebutkan,30+ hari yang lalu
Head of Client Solutions,IlmuOne Data,Jakarta Raya,Gaji tidak disebutkan,30+ hari yang lalu
Data Engineer,PT Akhdani Reka Solusi,Kemayoran,Gaji tidak disebutkan,30+ hari yang lalu
Marketing Specialist,Fpone Agency Prudential,Kemayoran,Gaji tidak disebutkan,30+ hari yang lalu
Senior Business Analyst,Macquarie Group,Indonesia,Gaji tidak disebutkan,30+ hari yang lalu
[265] Data Engineer,PT Infiniti Reka Solusi,Kecamatan Tangerang,Gaji tidak disebutkan,30+ hari yang lalu
Business Analyst,WireHire,Jakarta Raya,Gaji tidak disebutkan,30+ hari yang lalu
Data Analyst,Macquarie Group,Indonesia,Gaji tidak disebutkan,30+ hari yang lalu
Portfolio Insights Analyst,Macquarie Group,Indonesia,Gaji tidak disebutkan,30+ hari yang lalu
Associate Data Analyst,PT Global Digital Niaga,Kemayoran,Gaji tidak disebutkan,30+ hari yang lalu
ETL Developer,PT Tiga Daya Digital Indonesia,Yogyakarta,Gaji tidak disebutkan,30+ hari yang lalu
Data Engineer,Modalku,Kalideres,Gaji tidak disebutkan,30+ hari yang lalu
Data Engineer/Senior Engineer,PT Sea Group,Indonesia,Gaji tidak disebutkan,30+ hari yang lalu
Data Analyst (Finance),PT Sea Group,Indonesia,Gaji tidak disebutkan,30+ hari yang lalu
Strategy Research Associate,Macquarie Group,Indonesia,Gaji tidak disebutkan,30+ hari yang lalu
Business Analyst,Macquarie Group,Indonesia,Gaji tidak disebutkan,30+ hari yang lalu
Data & Insights Strategist | Business Development Gramedia,Kompas Gramedia - KG Media,Kemayoran,Gaji tidak disebutkan,30+ hari yang lalu
"Business Analyst, Assistant Manager",PT Solusi Transportasi Indonesia,Jakarta Raya,Gaji tidak disebutkan,30+ hari yang lalu
Sales Analyst,Indofood Group,Makassar,Gaji tidak disebutkan,30+ hari yang lalu
"Regional Campaign Strategist, AI Enabled",Advertising,Jakarta Raya,Gaji tidak disebutkan,30+ hari yang lalu
"Regional Campaign Strategist, AI Enabled",PT Solusi Transportasi Indonesia,Kebayoran Lama,Gaji tidak disebutkan,30+ hari yang lalu
Digital Solutions Business Analyst,Macquarie Group,Indonesia,Gaji tidak disebutkan,30+ hari yang lalu
Business Analyst,PT Tech Grid Indonesia,Kebayoran Lama,Gaji tidak disebutkan,30+ hari yang lalu
Data Engineer,PT Tech Grid Indonesia,Kebayoran Lama,Gaji tidak disebutkan,30+ hari yang lalu
"Demand Planning - Budgeting & Planning, ShopeeFood",Shopee Internasional Indonesia,Jakarta Raya,Gaji tidak disebutkan,30+ hari yang lalu
DevOps Engineer,PT Indocyber Global Teknologi,Kebayoran Lama,Gaji tidak disebutkan,30+ hari yang lalu
"Credit Risk, Business Banking",Macquarie Group,Indonesia,Gaji tidak disebutkan,30+ hari yang lalu
Platform Data Engineer,Macquarie Group,Indonesia,Gaji tidak disebutkan,30+ hari yang lalu
Data Engineer,Agit,Jakarta Raya,Gaji tidak disebutkan,30+ hari yang lalu
Data Engineer,PT Bumi Amartha Teknologi Mandiri,Kemayoran,Gaji tidak disebutkan,30+ hari yang lalu
Labs Bootcamp Program,PT Sea Group,Jakarta Raya,Gaji tidak disebutkan,30+ hari yang lalu
Product Management (Enterprise Efficiency - People Systems) - Sea Labs,PT Sea Group,Jakarta Raya,Gaji tidak disebutkan,30+ hari yang lalu
Product Manager - Client Onboarding,Macquarie Group,Indonesia,Gaji tidak disebutkan,30+ hari yang lalu
Supply Chain Analyst,PT Saf Indonusa,Malang,Gaji tidak disebutkan,30+ hari yang lalu
Data Enabler & Quality (DEQ) Intern,PT Alto Network,Jawa Tengah,Gaji tidak disebutkan,30+ hari yang lalu
Data Annotator,Super Bank Indonesia,Kemayoran,Gaji tidak disebutkan,30+ hari yang lalu
Business Product Manager (Games) - Sea Labs,PT Sea Group,Jakarta Raya,Gaji tidak disebutkan,30+ hari yang lalu
Research Intern,PT Sea Group,Indonesia,Gaji tidak disebutkan,30+ hari yang lalu
Research Scientist,PT Sea Group,Indonesia,Gaji tidak disebutkan,30+ hari yang lalu
Research Engineer,PT Sea Group,Indonesia,Gaji tidak disebutkan,30+ hari yang lalu
"Intern, Data Analyst",PT Sea Group,Indonesia,Gaji tidak disebutkan,30+ hari yang lalu
Business Intelligence Engineer,Cermati Fintech Group,Jakarta Raya,Gaji tidak disebutkan,30+ hari yang lalu
Business Intelligence Engineer,Indodana,Jakarta Raya,Gaji tidak disebutkan,30+ hari yang lalu
Product Marketing Analyst,Halodoc,Kebayoran Lama,Gaji tidak disebutkan,30+ hari yang lalu
Lead Data Engineer,Cermati Fintech Group,Jakarta Raya,Gaji tidak disebutkan,30+ hari yang lalu
Business Intelligence Analyst,Cermati Fintech Group,Jakarta Raya,Gaji tidak disebutkan,30+ hari yang lalu
Business Intelligence Senior Analyst,Cermati Fintech Group,Kemayoran,Gaji tidak disebutkan,30+ hari yang lalu
Merchant and Customer Insight (Analyst - Senior Analyst Level),Cermati Fintech Group,Kemayoran,Gaji tidak disebutkan,30+ hari yang lalu
Organic Growth Senior Associate,Cermati Fintech Group,Jakarta Raya,Gaji tidak disebutkan,30+ hari yang lalu
Senior Associate - BI Engineer,Macquarie Group,Indonesia,Gaji tidak disebutkan,30+ hari yang lalu
Audit Data Analytics Lead,Super Bank Indonesia,Jakarta Raya,Gaji tidak disebutkan,30+ hari yang lalu
Data Governance Manager,Macquarie Group,Indonesia,Gaji tidak disebutkan,30+ hari yang lalu
Data Management Lead,ABeam Consulting Indonesia,Jakarta Raya,Gaji tidak disebutkan,30+ hari yang lalu
Data Analytics Manager,ABeam Consulting Indonesia,Jakarta Raya,Gaji tidak disebutkan,30+ hari yang lalu
Delivery Head of Data Management & Analytics,ABeam Consulting Indonesia,Jakarta Raya,Gaji tidak disebutkan,30+ hari yang lalu
AI Assurance and Risk Specialist,Macquarie Group,Indonesia,Gaji tidak disebutkan,30+ hari yang lalu
Product Manager,super-staff.ai,Bandung,Gaji tidak disebutkan,30+ hari yang lalu
Research Staff,PT Foodie Bisnis Indonesia,Jakarta Raya,Gaji tidak disebutkan,30+ hari yang lalu
Imaging Geophysicist,Veridien,Kebayoran Lama,Gaji tidak disebutkan,30+ hari yang lalu
Strategic Qualitative Researcher,PT. Garena Indonesia,Jakarta Raya,Gaji tidak disebutkan,30+ hari yang lalu
Business Intelligence Analyst,PT Luxehouze Group Indonesia,Jakarta Raya,Gaji tidak disebutkan,30+ hari yang lalu
Software Engineer | Python,Macquarie Group,Indonesia,Gaji tidak disebutkan,30+ hari yang lalu
Manager | Change Management,Macquarie Group,Indonesia,Gaji tidak disebutkan,30+ hari yang lalu
Data Engineer - Banking Syariah,PT. SIGMA GLOBAL TEKNOLOGI (SIGMATECH),Jakarta Raya,Gaji tidak disebutkan,30+ hari yang lalu
Data and Automation Engineer,Macquarie Group,Indonesia,Gaji tidak disebutkan,30+ hari yang lalu
Data Insight Senior Officer,PT Global Digital Niaga,Kemayoran,Gaji tidak disebutkan,30+ hari yang lalu
Full Stack Engineer - AI,Ledgerowl,Jakarta Raya,Gaji tidak disebutkan,30+ hari yang lalu
Imaging Geophysicist Intern,Veridien,Kebayoran Lama,Gaji tidak disebutkan,30+ hari yang lalu
Agency Strategy,PT AIA Financial,Jakarta Raya,Gaji tidak disebutkan,30+ hari yang lalu
Corporate Finance Associate,PT BDO Bisnis Solusi Indonesia,Jakarta Raya,Gaji tidak disebutkan,30+ hari yang lalu
Data Science & AI/ML,detikcom,Jakarta Raya,Gaji tidak disebutkan,30+ hari yang lalu
DATA ENGINEER,PT Lion Super Indo,Jakarta Raya,Gaji tidak disebutkan,30+ hari yang lalu
Business Analyst,Macquarie Group,Indonesia,Gaji tidak disebutkan,30+ hari yang lalu
Business Analyst,PT NTT Data Indonesia,Kebayoran Lama,Gaji tidak disebutkan,30+ hari yang lalu
Data Analyst,Finku,Indonesia,Gaji tidak disebutkan,30+ hari yang lalu
Analyst/Senior Analyst - Credit Modelling,Macquarie Group,Indonesia,Gaji tidak disebutkan,30+ hari yang lalu
Data Analyst - DSO,PT Astra International Tbk - Daihatsu Sales Operation (Astra Daihatsu),Jakarta Raya,Gaji tidak disebutkan,30+ hari yang lalu
"Senior Manager - Technology, Data and AI Risk Management",Macquarie Group,Indonesia,Gaji tidak disebutkan,30+ hari yang lalu
Research & Innovation,Medion Ardhika Bhakti,Jakarta Raya,Gaji tidak disebutkan,30+ hari yang lalu
Enterprise Data Architect | Associate Director,Macquarie Group,Indonesia,Gaji tidak disebutkan,30+ hari yang lalu
Principal Data Engineer,Macquarie Group,Indonesia,Gaji tidak disebutkan,30+ hari yang lalu
Data Analyst,ASSA Rent (Jakarta),Jakarta Utara,Gaji tidak disebutkan,30+ hari yang lalu
Data Analyst,"PT Adi Sarana Armada, Tbk",Jakarta Utara,Gaji tidak disebutkan,30+ hari yang lalu
Technology Risk Manager,Macquarie Group,Indonesia,Gaji tidak disebutkan,30+ hari yang lalu
SOC L2 Analyst - Cybersecurity Technology Consulting,EY,Jakarta Raya,Gaji tidak disebutkan,30+ hari yang lalu
"Data Intelligence Lead (Regional) APAC, Fintech",Optasia,Jakarta Raya,Gaji tidak disebutkan,30+ hari yang lalu
BA Data Analyst,PT Guntner Indonesia,Pasuruan,Gaji tidak disebutkan,30+ hari yang lalu
Data Center Engineer,Macquarie Group,Pegasing,Gaji tidak disebutkan,30+ hari yang lalu
Associate Data Engineer,Enterprise Digital Technology Services - EDTS,Jakarta Raya,Gaji tidak disebutkan,30+ hari yang lalu
Data Business Analyst,Macquarie Group,Indonesia,Gaji tidak disebutkan,30+ hari yang lalu
MIS & Reporting Analyst,PT Apex Nusantara Indo,Surabaya,Gaji tidak disebutkan,30+ hari yang lalu
AI Transformation Manager,Macquarie Group,Indonesia,Gaji tidak disebutkan,30+ hari yang lalu
HR Data Analytic Intern,PT Link Net,Kecamatan Tangerang,Gaji tidak disebutkan,30+ hari yang lalu
Pricing Product Analyst,PT Trinusa Travelindo,Jakarta Raya,Gaji tidak disebutkan,30+ hari yang lalu
IT Operation Analyst,PT Nutrifood Indonesia,Jakarta Raya,Gaji tidak disebutkan,30+ hari yang lalu
IT Database Management,PT Nutrifood Indonesia,Jakarta Raya,Gaji tidak disebutkan,30+ hari yang lalu
Business Analyst,PT Trinusa Travelindo,Jakarta Raya,Gaji tidak disebutkan,30+ hari yang lalu
Exploration Technology Specialist,TechConnect,Jakarta Raya,Gaji tidak disebutkan,30+ hari yang lalu
Senior Data Scientist,Vida,Jakarta Raya,Gaji tidak disebutkan,30+ hari yang lalu
Senior Data Analyst - Marketing and Campaign Analytics,PT Trinusa Travelindo,Jakarta Raya,Gaji tidak disebutkan,30+ hari yang lalu
Presales Solution Architect - Azure Data & AI,PT SoftwareONE Indonesia,Jakarta Raya,Gaji tidak disebutkan,30+ hari yang lalu
Data Engineer - Data Warehouse,PT Trinusa Travelindo,Jakarta Raya,Gaji tidak disebutkan,30+ hari yang lalu
[G01] Data Engineer,BINAR's Partner,Jakarta Raya,Gaji tidak disebutkan,30+ hari yang lalu
[223] Solution Analyst,PT Bank Mandiri (PERSERO) Tbk,Kalideres,Gaji tidak disebutkan,30+ hari yang lalu
Product Manager (Mandarin Speaker),PT Apex Nusantara Indo,Jakarta Raya,Gaji tidak disebutkan,30+ hari yang lalu
Junior Project Manager (AI/ ML) - Asian market,TSMG,Jakarta Raya,Gaji tidak disebutkan,30+ hari yang lalu
Data Analyst,PT Dentsu Indonesia,Jakarta Raya,Gaji tidak disebutkan,30+ hari yang lalu
Lead Data Analyst,PT Dentsu Indonesia,Jakarta Raya,Gaji tidak disebutkan,30+ hari yang lalu
Lead Data Analyst,Merkle Innovation,Jakarta Raya,Gaji tidak disebutkan,30+ hari yang lalu
Junior Team Lead - Asian market,TSMG,Jakarta Raya,Gaji tidak disebutkan,30+ hari yang lalu
Data Engineer,Vida,Jakarta Raya,Gaji tidak disebutkan,30+ hari yang lalu
Lowongan Kerja Data Engineer,PT Global Retailindo Pratama (Minimart ),Denpasar,Gaji tidak disebutkan,30+ hari yang lalu
Data Analyst,PT ERHANESIA DIGIMA MUKITAMA (ERDIGMA),Purbalingga,Gaji tidak disebutkan,30+ hari yang lalu
Business Intelligence,PT ERHANESIA DIGIMA MUKITAMA (ERDIGMA),Purbalingga,Gaji tidak disebutkan,30+ hari yang lalu
Data Engineer Specialist,PT ERHANESIA DIGIMA MUKITAMA (ERDIGMA),Purbalingga,Gaji tidak disebutkan,30+ hari yang lalu
PD Data Analyst,PT AIA Financial,Jakarta Raya,Gaji tidak disebutkan,30+ hari yang lalu
Lowongan Kerja SAMPOERNA UNIVERSITY - PART TIME DATA ANALYST,SAMPOERNA SCHOOLS SYSTEM,Jakarta Raya,Gaji tidak disebutkan,30+ hari yang lalu
"Lowongan Kerja AI Training for Math Experts, Indonesian",Outlier Ai,Bekasi,Gaji tidak disebutkan,30+ hari yang lalu
Data Scientist,PT Mid Solusi Nusantara (MEKARI),Indonesia,Gaji tidak disebutkan,30+ hari yang lalu
Software Engineer - Data,PT Samsung Electronics Indonesia,Jakarta Raya,Gaji tidak disebutkan,30+ hari yang lalu
Purchasing/ Buyer - Data Analyst,Alfar Foodmart,Bandung,Gaji tidak disebutkan,30+ hari yang lalu
Credit Analyst,PT AIA Financial,Jakarta Raya,Gaji tidak disebutkan,30+ hari yang lalu
Strategy & Innovation Consultant,WireHire,Jakarta Raya,Gaji tidak disebutkan,30+ hari yang lalu
Master Data Admin,ASSA Rent (Jakarta),Jakarta Utara,Gaji tidak disebutkan,30+ hari yang lalu
Mapping City/Country Expert,TSMG,Jakarta Raya,Gaji tidak disebutkan,30+ hari yang lalu
Project Manager - Data Center,WireHire,Jakarta Raya,Gaji tidak disebutkan,30+ hari yang lalu
Business Intelligence,WireHire,Jakarta Raya,Gaji tidak disebutkan,30+ hari yang lalu
Lead Engineer - Machine Learning,GE Renewable Energy Power and Aviation,Subang,Gaji tidak disebutkan,30+ hari yang lalu
Sr. Data Scientist,GE Renewable Energy Power and Aviation,Subang,Gaji tidak disebutkan,30+ hari yang lalu
